DESTINATION_AIRPORT,ORIGIN_AIRPORT
IAH,LAS
DFW,SEA
SLC,ANC
CLT,SLC
IAD,LAS
MSP,LAS
JFK,SLC
ATL,LAS
CLT,SFO
IAH,SEA
ORD,LAX
MIA,LAX
PDX,ANC
MIA,PHX
SEA,ANC
ATL,DEN
MSP,SFO
JFK,DEN
ORD,SFO
CVG,DEN
ORD,SEA
MSP,SEA
SEA,FAI
IAH,SMF
PHL,SFO
MSP,LAX
ORD,PDX
MSP,PDX
PHL,LAS
CLT,LAX
PHL,PHX
ORD,LAS
PHL,DEN
IAH,SFO
DFW,LAS
ATL,LAX
IAH,LAX
DFW,PHX
DFW,LAX
CLT,LAS
MCI,LAS
DFW,SFO
LGB,ANC
ATL,SLC
CLT,PHX
CLT,DEN
MIA,DEN
HNL,LAS
EWR,BQN
MCO,SJU
FLL,IAG
FLL,BQN
MCO,BQN
MCO,PSE
DFW,MFE
DFW,DEN
DFW,BOS
DFW,SAT
MIA,DFW
MIA,ORD
ORD,BOS
DFW,IAH
DFW,ORD
JFK,BQN
MSP,BIS
SEA,GEG
DFW,CRP
IAH,EWR
PHX,ORD
CLT,EWR
CLT,BOS
ITO,HNL
DFW,XNA
DFW,BPT
DFW,MAF
DFW,SGF
MSP,ABR
MSP,ISN
DFW,ICT
KOA,HNL
JFK,PSE
MSP,FAR
IAH,PHX
OGG,HNL
ORD,BNA
ORD,FSD
ORD,PHL
MIA,MCO
CLT,TPA
CLT,DFW
DEN,PHX
IAH,TUS
SFO,PDX
DFW,EWR
ORD,MSP
DFW,TUL
DFW,TUS
MIA,BOS
DFW,FSM
IAH,MSY
IAH,ORD
PHX,SEA
PHX,STL
PHX,PDX
CLT,PIT
CLT,MSP
CLT,BWI
MDW,MCI
RNO,LAS
DFW,CLL
DFW,SJT
MYR,BOS
FLL,ORD
IAH,MKE
DFW,AUS
LIH,HNL
DFW,MSP
ATL,MCO
ATL,TPA
ATL,VPS
ATL,MSP
CLT,MCO
DEN,PDX
DAL,LAX
TPA,PIT
SEA,SMF
IAH,HRL
ORD,PIA
MSP,BJI
ORD,ICT
ORD,COU
IAH,BRO
SFO,SEA
DEN,SEA
MIA,IAH
DFW,MCI
DFW,PDX
SJU,JFK
ATL,GSO
ATL,ORF
DFW,ACT
IAH,BTR
CLT,IAH
CLT,RDU
MCO,MCI
MCO,IND
OAK,LAS
ONT,SMF
LAX,OAK
LAX,PHX
IAH,MFE
SLC,LWS
DFW,PHL
DFW,TYR
DFW,IAD
DFW,DCA
DFW,BWI
ORD,STL
ATL,AGS
ATL,BHM
ATL,CLT
MSP,ANC
ATL,JAX
ATL,HSV
MSP,BOI
ATL,BNA
MSP,MSO
ATL,SAV
ATL,CHS
ORD,CLT
DFW,SPS
IAH,DSM
IAH,SAT
ORD,IAH
ORD,LNK
CLT,RIC
PHL,BOS
IAH,PHL
IAH,AUS
BWI,MDW
LAX,MDW
MCI,MDW
PHL,MDW
MKE,MSP
BWI,AUS
DAL,AUS
MDW,BNA
BWI,BOS
MCO,BUF
DEN,CAK
BNA,DEN
BWI,DEN
LAS,DEN
BWI,FNT
BWI,GRR
LAX,HOU
MDW,HOU
PHX,LAS
OAK,LAX
BWI,PIT
BWI,PWM
BWI,SAT
ATL,SFO
LAX,SMF
LAX,TUS
MDW,OMA
PHX,ONT
HOU,PHX
IAH,LFT
ATL,BTR
ATL,SHV
MCO,PHL
DFW,ABI
DFW,FWA
SFO,ONT
DEN,RKS
IAH,DFW
DFW,LAW
ORD,CMI
DEN,ORD
MIA,MSP
ORD,DCA
ATL,ORD
IAH,AEX
IAH,SHV
CLT,ORD
BNA,MCI
LAS,MDW
PHX,MDW
STL,MDW
BWI,MHT
LAS,AUS
BWI,BDL
MCO,CMH
HOU,DEN
BWI,DTW
MDW,LAS
SJC,LAX
MCO,PIT
BWI,RDU
BWI,ROC
MDW,SAT
MDW,STL
SLC,OAK
PHX,OMA
SMF,ONT
LAS,PDX
IAH,CRP
ORD,GRB
ORD,OMA
ORD,MCI
ATL,DHN
MIA,BHM
SFO,RDD
DEN,EUG
MSP,DIK
DTW,ESC
EWR,BDL
MIA,MEM
DFW,MIA
DCA,DFW
ATL,GSP
ATL,PBI
ATL,TLH
DTW,BOS
ATL,ATW
DEN,SMF
CLT,DCA
DAL,MDW
DCA,MDW
MDW,MEM
BWI,MKE
BWI,MSY
BWI,ALB
DAL,ATL
MCO,ATL
MDW,BOS
BWI,CLE
MSY,HOU
BWI,IND
BWI,LAS
MKE,LAS
DAL,LIT
MDW,RDU
LAS,SAT
DEN,SFO
LAS,SMF
SAN,SMF
MCO,MSY
BNA,PHL
TPA,PHL
ATL,MGM
IAH,GRK
ORD,MSN
MSP,BRD
DEN,MFR
DEN,SLC
ATL,OMA
DEN,IAH
DTW,MKE
ORD,CMX
DFW,SMF
DFW,LGA
DFW,RIC
ORD,DFW
DFW,FLL
MIA,PHL
JFK,SJU
ATL,ECP
ATL,PHL
DTW,GRR
ATL,JAN
ATL,FLL
IAH,IAD
DEN,LAX
PHX,DEN
PHX,MCI
IAH,BWI
IAD,BOS
CMH,MDW
DEN,MDW
HOU,MDW
DEN,MKE
MCI,MSP
MCO,BNA
BWI,BUF
MDW,CLT
RSW,CMH
ATL,DTW
DAL,ELP
PHX,ELP
HOU,LAS
LAS,LAX
BWI,PVD
BNA,RDU
LAS,RNO
DAL,SAT
LAS,SFO
PHX,SLC
PHX,SMF
BWI,STL
HOU,STL
DAL,TUL
LAS,TUS
HOU,MSY
DEN,OAK
HOU,OAK
SAN,OAK
LAS,PHX
MKE,PHX
SAN,PHX
IAH,LCH
ATL,AEX
ATL,VLD
ATL,CAE
DEN,SBA
JMS,DVL
IAH,OMA
ORD,CHO
DFW,VPS
IAH,DCA
ORD,MKE
LAX,LAS
JFK,BOS
DEN,GEG
DFW,CID
DFW,DTW
MIA,EWR
DFW,PIT
DFW,OMA
DTW,TVC
ATL,AVL
DTW,PHL
SLC,MCI
JFK,BUF
EWR,ATL
PHX,IAH
CLT,ATL
DEN,RDM
DAL,MAF
DAL,MCI
LGA,MDW
STL,MKE
LAS,ABQ
DAL,AMA
LAX,AUS
MDW,AUS
ATL,BOS
DEN,IAD
TPA,MSY
LAS,OAK
MDW,ORF
MDW,PHL
EWR,DTW
DFW,BMI
ORD,TYS
DEN,BIL
DEN,BFL
MSP,HLN
ATL,RSW
DFW,BNA
LGA,ORD
ATL,DSM
IAH,LGA
LAX,SLC
MIA,JFK
JFK,SYR
JFK,PWM
MSP,SLC
MSP,BOS
SLC,SAT
ATL,RIC
IAH,CLL
EWR,JAX
EWR,BOS
BWI,MCI
BNA,MDW
MDW,ATL
DEN,BNA
ATL,CAK
BWI,CMH
MDW,GSP
OKC,HOU
PHX,LAX
DAL,LBB
PHX,RNO
STL,SAT
BWI,OKC
DEN,OKC
MDW,PDX
ABQ,PHX
LAX,ABQ
IAH,BNA
DFW,SLC
DFW,RNO
DFW,RDU
CLT,STL
ORD,OKC
ORD,LGA
LAX,JFK
JFK,LAX
MIA,MSY
MIA,DCA
MIA,SJU
LGA,DFW
DFW,DAY
DFW,CLT
DFW,FAT
MIA,LGA
MCO,DFW
ORD,PHX
SEA,ORD
ANC,FAI
JNU,SIT
ANC,SEA
OAK,SEA
LAX,SEA
SEA,LAX
MCO,EWR
MCO,BOS
JFK,ORD
JFK,PBI
JFK,ROC
LGA,MCO
JFK,BTV
LGA,FLL
BOS,RIC
MCO,JFK
FLL,JFK
LGB,SFO
LGA,PBI
JFK,MSY
JFK,AUS
JFK,RDU
JFK,MCO
JFK,FLL
DCA,BOS
JFK,JAX
BOS,DCA
LGA,MIA
DTW,DCA
ATL,LGA
ATL,FAY
ATL,RDU
ATL,LIT
ATL,MEM
ATL,SRQ
JFK,PDX
ATL,ALB
ATL,PHF
LGA,ATL
DTW,LGA
ATL,MKE
ATL,SAT
DTW,PHX
ATL,DCA
ATL,PHX
ATL,ELP
DTW,RDU
ATL,LFT
ATL,MCI
ATL,IND
ATL,BDL
ATL,DAB
ATL,CVG
ATL,STL
MSP,BZN
ATL,PNS
ATL,BUF
DTW,CLT
ATL,CMH
MSP,DEN
ATL,IAD
ATL,ICT
ATL,MIA
ATL,XNA
ATL,AVP
ATL,MDT
ATL,EVV
ATL,CLE
LGA,BOS
BOS,LGA
ATL,OKC
ATL,BWI
SLC,SEA
DTW,PVD
SEA,JNU
SLC,PDX
ATL,MSN
ATL,TUL
ATL,DFW
SLC,BOI
DTW,LAS
ATL,DAY
DTW,ALB
ATL,FNT
ATL,SYR
ATL,MDW
SLC,STL
ATL,SDF
ATL,COS
ATL,ROC
JFK,LAS
SEA,ONT
SEA,PHX
SEA,DEN
DFW,BRO
EWR,DSM
IAH,TYS
SFO,DEN
IAH,PDX
BOS,ORD
IAH,PIT
IAH,DEN
SFO,JFK
DEN,RNO
LAX,SFO
LAX,ORD
LAX,EWR
EWR,PHX
MCO,ORD
LAX,BOS
SFO,PIT
ORD,TPA
IAD,SFO
EWR,AUS
DCA,ORD
PHX,IND
PHX,DFW
PHX,SFO
PHL,RSW
CLT,PVD
PHL,ORD
CLT,BDL
CLT,MEM
PHL,FLL
PHL,MIA
DCA,LGA
LGA,DCA
SFO,DFW
EWR,LAX
EWR,SFO
ORD,MIA
SAN,SFO
SFO,BOS
EWR,MDW
MCO,MDW
MDW,MHT
MCO,MKE
DAL,MSY
DAL,ABQ
BWI,ATL
BNA,AUS
AUS,DAL
HOU,DAL
LAX,DAL
MSY,DAL
BWI,DAY
BNA,DCA
MDW,DEN
MDW,DSM
MDW,EWR
BWI,FLL
ATL,HOU
DAL,HOU
MCO,HOU
DAL,ICT
LAS,IND
BWI,ISP
SJC,LAS
STL,LAS
MDW,LGA
ATL,PIT
MDW,PVD
BWI,RSW
BNA,SAT
MDW,SDF
MDW,SEA
MDW,SFO
DAL,STL
MDW,TPA
PVD,TPA
DAL,OAK
MDW,OAK
PDX,OAK
SEA,OAK
DEN,ONT
SJC,ONT
BUR,PHX
BWI,PHX
MDW,PHX
EWR,SDF
DTW,EWR
IAH,GPT
IAH,JAN
EWR,ROC
CLE,DCA
IAH,PIA
IAH,LRD
ATL,PIA
ATL,SBN
DTW,OKC
ATL,ILM
ATL,HPN
LGA,ROC
ATL,ABY
DTW,ABE
ATL,CID
ATL,IAH
ATL,MLI
ATL,EWN
DTW,BTV
ATL,MLU
LGA,GSO
ATL,OAJ
ATL,CHA
IAH,MCI
IAD,EWR
DEN,DTW
SFO,IAH
ORD,DEN
DEN,AUS
DEN,MSP
MCO,TTN
LGA,BNA
ORD,LIT
ORD,ABQ
DFW,SPI
ORD,MHK
MIA,CMH
DFW,GPT
DFW,GRI
ORD,MEM
ORD,FAR
LAS,DTW
LAX,IAH
EWR,MEM
SEA,PDX
DEN,PSP
ORD,COS
FLL,DFW
HIB,INL
DEN,RAP
SFO,SMX
DEN,FAT
DEN,PSC
DEN,DRO
SEA,FAT
LAX,SAT
SFO,ACV
SFO,SBA
SFO,EUG
LAX,SJC
DTW,PLN
DEN,GCC
RHI,IMT
DTW,FWA
DEN,GJT
SFO,PSC
SLC,CPR
SFO,MRY
MSP,GTF
CVG,EWR
LAX,BWI
PBI,EWR
EWR,CHS
SFO,LAX
EWR,CVG
ORD,ELM
CLE,MKE
ORD,CLE
EWR,CLE
DFW,ONT
DFW,PSP
MIA,MCI
DFW,TPA
DFW,CMH
FLL,LGA
SLC,MCO
SLC,ABQ
ATL,LEX
SNA,SEA
LAS,SEA
DFW,SAV
ORD,LAN
CMH,ORD
SEA,SFO
DEN,LAS
IAH,BOS
ORD,MCO
LGA,CLT
BOS,EWR
DTW,MDW
TPA,MDW
RSW,MKE
MDW,ABQ
RDU,BNA
MCO,BWI
ATL,DAL
LAS,DAL
MDW,DAL
SAT,DAL
DAL,DCA
HOU,DCA
STL,HOU
SMF,LAX
LAS,SLC
DEN,STL
LGA,STL
BUR,OAK
IAH,CLE
BOS,CLE
ORD,ATW
IAH,BHM
EWR,PIT
ATL,CSG
DTW,GSP
DTW,OMA
EWR,CLT
DEN,FAR
DFW,GSP
MIA,CVG
ORD,LEX
SLC,GTF
SLC,EKO
OAK,DFW
IAH,COS
LAX,MSP
ORD,SPI
DEN,LAR
SFO,AUS
LAX,MSY
EWR,BNA
EWR,ORD
LGA,MCI
IAH,MLU
DEN,ISN
DEN,MOT
MSP,BIL
DTW,BWI
EWR,MSY
SFO,IAD
IAH,ECP
IAD,LAX
PIT,BOS
HNL,OGG
DFW,STL
STL,LAX
ORD,TUL
DFW,MCO
SJC,SEA
SJU,MCO
FLL,SJU
RDU,BOS
DTW,BDL
ATL,GNV
SLC,PSC
ATL,MOB
ATL,TUS
DTW,DEN
ATL,SGF
MSP,LGA
IAH,FLL
EWR,SEA
ORD,SMF
SFO,LAS
PHX,BOS
PHL,MCO
IAD,ORD
BWI,MCO
MDW,MSP
MDW,BDL
DEN,DAL
BNA,EWR
BNA,HOU
LAS,HOU
SMF,LAS
MDW,LAX
EWR,RIC
DTW,ELM
DTW,IAD
MIA,IAD
TPA,CLE
DEN,MCI
ORD,XNA
LGA,DAY
LGA,XNA
LGA,CMH
SEA,SLC
ORD,SBN
IAH,MEM
SLC,FCA
ORD,HSV
SLC,DEN
SLC,EUG
FLL,BOS
DEN,DSM
IAH,HSV
ORD,TVC
MSP,BNA
HNL,KOA
PHX,SAT
PHX,MRY
SLC,SMF
BWI,ORD
DFW,IND
SLC,LAX
ATL,EWR
ATL,MSY
SLC,SAN
MSP,SJC
ATL,PDX
ATL,GRR
MSP,CLT
SLC,SJC
DTW,ROC
ATL,SAN
ATL,SEA
SLC,GEG
DFW,MSY
IAH,CLT
LGA,CLE
DEN,SAN
IAH,PBI
EWR,SAN
TPA,ORD
PHX,OAK
CHS,ORD
PHL,IAH
BOS,PHL
SFO,SAN
LAX,MCI
PHX,MKE
HOU,BNA
STL,BOS
LAS,BWI
STL,BWI
MDW,CLE
ABQ,DAL
BNA,DAL
LAS,ELP
TPA,IND
TPA,ISP
SLC,LAS
FLL,PVD
TPA,SDF
DAL,SFO
PDX,SMF
SAN,TUS
ABQ,OAK
SNA,OAK
LAS,OMA
LAS,ONT
SJC,PDX
BNA,PHX
IAH,VPS
DTW,HSV
ATL,BQK
DTW,MDT
DTW,RIC
ATL,BMI
ATL,FSD
ATL,GRK
DFW,TYS
ORD,SUX
LGA,DTW
LAX,FAT
SLC,ONT
ORD,BHM
DEN,MAF
SFO,RDM
ORD,BDL
DEN,COS
CLE,ORD
SFO,CLE
BOS,DTW
DFW,COU
PHX,FAT
FLL,DCA
ORD,CMH
MIA,BWI
DFW,SAN
BET,ANC
RSW,JFK
DTW,BUF
SLC,BZN
DTW,SYR
IAH,GSP
IAH,ICT
IAH,RSW
IAH,TPA
IAH,SJC
PHX,SJC
PHL,LAX
PHL,PBI
PHL,DFW
CLT,BUF
SFO,BWI
BOS,SFO
PHX,LIT
BNA,MCO
DEN,ATL
TPA,BUF
BOS,BWI
FLL,BWI
TPA,BWI
BOS,CAK
BNA,CLE
DCA,DAL
BNA,DTW
MDW,FLL
HOU,HRL
BUR,LAS
RSW,PIT
MDW,SAN
PHX,SAN
OAK,SLC
DAL,SMF
ORD,CAE
EWR,STL
ATL,BTV
ATL,TRI
MSP,ATL
SLC,FAT
CVG,ORD
ORD,BWI
ORD,CWA
SFO,RNO
SLC,HLN
IAH,ABQ
LAX,SAN
SFO,SBP
SLC,MFR
HNL,ITO
ORD,FWA
ORD,ERI
DEN,TUS
IAH,XNA
DFW,CVG
PHX,SBP
PHX,DRO
PHX,SBA
HNL,LIH
CLT,MIA
MIA,RDU
LAX,MCO
MIA,STL
ADQ,ANC
BUF,BOS
BOS,BUF
DTW,MSP
ATL,GPT
DTW,MCI
MSP,PHL
ATL,MLB
ATL,ABQ
MSP,SAN
SFO,HNL
EWR,MIA
CLT,BNA
CLT,FLL
IAH,MCO
DEN,OMA
BHM,MCO
STL,MCO
BWI,ABQ
MDW,ALB
BWI,BHM
MDW,BUF
MDW,BWI
LGA,CAK
STL,DAL
LAX,DEN
STL,DEN
MCO,FNT
TPA,GRR
HOU,LGA
MDW,ROC
SAN,SEA
SMF,PDX
IAH,PNS
DTW,AVP
ATL,LNK
DTW,CID
ORD,FNT
DFW,JLN
ORD,RST
ORD,SGF
DFW,LCH
ORD,TOL
LGA,RDU
SLC,PSP
SLC,RDM
ORD,MHT
SLC,MSO
SFO,PSP
IAH,ATL
ORD,PAH
ORD,DLH
MIA,SAT
DFW,BTR
DEN,BIS
SLC,OMA
SLC,TWF
PHX,BFL
DFW,SHV
DEN,LGA
DFW,CHA
AUS,LAX
DFW,ATL
OTZ,ANC
SEA,SJC
SEA,SAN
BOS,MCO
BOS,SJU
PBI,JFK
ORD,JFK
FLL,HPN
MCO,LGA
TPA,BOS
DTW,MEM
JFK,SFO
ATL,JFK
MSP,DCA
MSP,RDU
ATL,CHO
DTW,PIT
SLC,RNO
SLC,BIL
PDX,SAN
PSP,SEA
ORD,HPN
HNL,GUM
EWR,IAH
SFO,EWR
SFO,PHL
PHL,CLT
CLT,JFK
PHL,SAN
PHL,ATL
CLT,LGA
PHL,JAX
EWR,DFW
ORD,EWR
EWR,LAS
DAL,MCO
DEN,ABQ
BUF,BWI
FLL,CMH
FLL,DAL
SAN,DAL
AUS,ELP
BOI,GEG
PHX,HOU
HOU,LAX
STL,LGA
FLL,PIT
FLL,RDU
MCO,RDU
LAS,SAN
SJC,SAN
HOU,SAT
PHX,SDF
ONT,SJC
SNA,SJC
OAK,ONT
MCI,PDX
IAH,ELP
IAH,MOB
IAH,HOB
MSP,ALB
MSP,IAD
DTW,LEX
MSP,IAH
IAH,LIT
ORD,AVP
PIT,EWR
AUS,ORD
FLL,TTN
DFW,LIT
ORD,GRR
ORD,AZO
DFW,LFT
DFW,MLU
DFW,JAN
ORD,CVG
DFW,AEX
ORD,DSM
LAX,DFW
ATL,FWA
SFO,MFR
DTW,CIU
PDX,ONT
DEN,LNK
DFW,ELP
JFK,SAN
DFW,COS
ATL,AUS
DEN,ICT
ORD,EVV
DCA,BDL
TPA,JFK
DTW,ATW
PDX,LAX
PHX,JFK
CLT,PHL
BDL,MCO
HOU,AUS
HOU,BHM
BWI,BNA
MDW,CHS
HOU,CRP
BWI,DAL
DEN,DAY
MDW,IAD
SNA,LAS
MCO,PVD
BWI,SAN
SMF,SAN
DEN,SAT
LAS,SJC
SAN,SJC
BUR,SMF
STL,OMA
SNA,PHX
IND,EWR
IAH,CHS
DTW,MLI
RDU,CLE
ORD,LSE
CVG,MKE
MSP,RAP
ONT,PDX
SLC,BTM
DTW,EVV
ORD,CRW
LAX,IND
ORD,ALB
SFO,PHX
ORD,DAY
SLC,SGU
MIA,AUS
ORD,ORF
DCA,EWR
ORD,DTW
LAX,BNA
LAS,JFK
BOS,JFK
DTW,BNA
MSP,MKE
ATL,ABE
SNA,PDX
SEA,BLI
LAX,PDX
EWR,SBN
MEI,PIB
ORD,SAN
CLT,RSW
SFO,RDU
HOU,MAF
STL,MSP
FLL,BDL
HOU,FLL
TPA,FLL
MCO,ISP
MSP,EWR
LGA,RIC
ORD,ALO
CVG,BDL
CVG,BNA
SEA,BOI
BUR,PDX
ORD,CHS
LAX,MEM
EWR,MCI
LAX,CMH
ORD,ATL
ORD,CAK
DFW,BDL
DFW,SNA
CLE,BOS
MSP,PIT
MSP,MCI
MSP,SNA
MSP,MDW
ATL,SNA
MSP,SMF
ATL,MHT
SAN,PDX
DEN,PHL
IAH,SAN
IAH,SNA
DEN,EWR
PHX,SNA
CLT,DTW
ORD,SNA
EWR,MCO
HOU,MEM
MCO,BDL
MCI,BNA
HOU,BOS
CLE,BWI
PVD,BWI
MDW,DCA
DEN,IND
AUS,LBB
SMF,SEA
DEN,SNA
OAK,SNA
SFO,SNA
PHX,TUL
MDW,TUS
MDW,MSY
BWI,PBI
ORD,RIC
DTW,BGR
ATL,GTR
OMA,EWR
RSW,DEN
ORD,DBQ
ORD,BMI
FLL,DTW
MYR,ACY
IAH,JAX
SEA,SIT
DTW,SBN
SFO,BOI
MSP,ORD
JAX,EWR
IAH,BFL
MKE,CLE
DFW,BIS
MIA,BDL
LAS,ORD
EWR,TPA
DFW,JFK
DFW,ABQ
DTW,PWM
MSP,STL
DTW,LAX
ATL,CRW
PDX,LAS
ORD,SAT
SFO,MCO
CLT,PBI
PHL,RDU
HOU,MCO
LAS,MKE
OAK,ABQ
PHX,AUS
FLL,BUF
MDW,DTW
HOU,IND
ABQ,LAS
OAK,SAN
MCO,SAT
MKE,SEA
BUR,SJC
DTW,PIA
RDU,LGA
SLC,SUN
ACY,ORD
ORD,SAV
LAX,COS
RIC,BOS
MSP,ROC
ORD,MDT
PHX,BWI
PHX,FLL
CLT,CLE
STL,MCI
MDW,MCO
PVD,MCO
PIT,MDW
RSW,MDW
HOU,BWI
MHT,BWI
MKE,DCA
SAN,LAS
DAL,LGA
MDW,PIT
MDW,RSW
SNA,SFO
BWI,TPA
PHX,OKC
PDX,PHX
IAH,AMA
ORD,CID
DFW,SAF
DFW,HOU
ORD,MLI
BNA,LGA
SLC,GJT
DEN,JMS
LAX,PSP
LGA,BHM
BNA,ORD
SFO,ORD
MKE,ORD
PHX,PSP
PHX,YUM
PHX,FLG
LAX,MRY
SAT,DFW
DFW,GRK
LIT,DFW
TYS,DFW
ORD,AVL
GSO,DFW
DFW,OKC
BOS,LAX
BNA,DFW
JFK,SEA
MIA,SFO
STL,DFW
JFK,MIA
MIA,DTW
DFW,MKE
SJU,MIA
CMH,DFW
TPA,DFW
SEA,EWR
SEA,BOS
SEA,MSP
PDX,SFO
PDX,SJC
OAK,LGB
AUS,LGB
SJU,TPA
MCO,DCA
FLL,JAX
LGB,PDX
LGB,SEA
STT,SJU
BOS,RDU
DTW,SEA
DTW,SAN
SEA,JFK
SLC,JFK
MSP,BUF
DTW,SFO
MCO,MSP
DTW,MSN
SLC,MSP
ATL,PWM
ATL,PVD
FLL,ATL
MSP,MEM
ATL,MYR
MSP,OMA
DTW,JAX
JFK,PHX
JFK,MSP
DTW,ORD
SLC,BOS
BOS,MIA
SEA,SNA
SEA,BUR
SEA,LAS
OGG,SAN
LIH,SJC
ORD,RDU
EWR,SNA
PHX,PHL
PHL,MSP
PHX,DCA
PHX,BOI
CLT,JAX
CLT,IND
CLT,SAT
DCA,TPA
MIA,CLT
DCA,FLL
MSY,EWR
LAX,HNL
LGA,DAL
FLL,MDW
HOU,ABQ
MCO,ALB
ELP,AUS
MKE,BOS
SJC,BUR
BNA,BWI
SAT,BWI
BNA,CMH
MDW,CMH
OKC,DAL
MCI,DEN
MCO,DEN
SAT,LAS
STL,PHX
BNA,PIT
MCO,RIC
LAS,MSY
ONT,OAK
DAL,OKC
SLC,PHX
DTW,CHS
RDU,BDL
LGA,SAV
ATL,FSM
DEN,DCA
DEN,MCO
MCO,CLE
ORD,TTN
HNL,SMF
OGG,OAK
XNA,DFW
DFW,TXK
BHM,DFW
LAS,LBE
FLL,ACY
MSY,FLL
SLC,JAC
SFO,STL
SAN,BOI
DEN,GTF
DEN,FCA
SLC,LGB
MBS,ORD
ORD,AUS
SLC,PIH
SFO,MSP
DEN,BUR
SFO,FAT
LAS,CLE
BHM,ORD
CVG,DFW
JFK,IAD
IAD,SAN
LAX,BOI
HPN,PBI
LGA,CAE
LGA,OMA
MIA,ATL
BOS,DFW
IAH,MIA
PIT,DFW
DFW,SJC
LAX,MIA
BWI,DFW
MSP,DFW
OMA,DFW
JAX,DFW
DCA,MIA
MSP,PHX
JFK,TPA
HNL,PDX
VPS,DFW
CAE,DFW
LAS,EWR
LAX,FLL
FLL,MCI
MCO,MHT
LAS,BUR
CMH,BWI
DEN,BWI
MAF,DAL
PHX,DTW
HOU,ELP
HOU,EWR
STL,EWR
EWR,HOU
BWI,JAX
ABQ,SAN
STL,SEA
DEN,SJC
HOU,TPA
IND,ORD
HOU,DFW
SLC,SNA
CHS,EWR
SFO,BUR
MSP,CID
DFW,ORF
SJU,BOS
CHS,JFK
BUF,JFK
BOS,MSP
MSP,RHI
SAN,BOS
IAD,DFW
DEN,MIA
RDU,DFW
SNA,DFW
AUS,DFW
LAS,MIA
DEN,DFW
RSW,DFW
DTW,ORF
MSP,PSC
ATL,SJU
LAS,MSP
GSP,ORD
DEN,BOI
FLL,EWR
CLT,MCI
BUF,MCO
DCA,ATL
GEG,BOI
OAK,BUR
FLL,ISP
TUS,LAS
SEA,STL
LAS,TPA
ORD,SCE
LAS,CVG
LSE,ORD
SAV,DFW
MEM,ORD
PIT,ORD
MSP,OKC
MSP,HIB
IAH,ONT
GRR,DFW
DEN,HLN
SLC,BUR
GSO,EWR
DEN,DIK
ORD,ELP
PHX,MSP
DTW,CLE
SFO,TUS
ROA,ORD
GSO,ORD
LAS,DFW
LAX,ATL
SAN,DFW
KTN,JNU
DTW,AUS
ATL,ROA
MFE,IAH
OKC,DFW
ORD,GSP
PIT,IAH
BOS,IAH
LGA,IAH
SMF,PHX
SJC,PHX
PHX,PIT
PHX,MCO
PHX,TPA
LAS,MCI
SDF,MDW
DAL,MEM
HOU,ATL
BNA,BOS
SMF,BUR
MCI,BWI
LAS,CMH
TUL,DAL
MCI,HOU
AUS,SAN
MSY,TPA
STL,MSY
BHM,IAH
CMH,IAH
CVG,IAH
MSP,GRB
DTW,SAT
DCA,DEN
CID,DFW
GRR,ORD
TUL,DFW
MIA,GNV
SAN,DEN
MYR,ORD
TPA,DTW
LAX,EUG
SFO,OKC
MAF,IAH
DEN,SGU
SLC,TUS
CLE,IAH
DEN,ELP
LAX,CLE
LAX,RDU
LGA,MSP
LAX,TPA
MOB,IAH
MSY,IAH
ORD,MSY
CLE,DFW
TUL,ORD
SAN,ORD
ORD,TUS
DFW,DSM
AUS,BOS
DCA,MSP
DTW,SLC
MSP,GEG
ORD,BUF
SFO,ATL
DCA,MCO
BOS,MDW
RDU,MDW
LAS,BDL
BDL,BWI
TPA,DEN
STL,GRR
DCA,HOU
SAN,IAD
BNA,LAS
BWI,LAX
FLL,TPA
RDU,TPA
MCI,PHX
DTW,GSO
OGG,SJC
JAN,DFW
DFW,MSN
DTW,FLL
DEN,IDA
MSP,DAY
GRR,MSP
DFW,GSO
YUM,PHX
MSY,JFK
MSP,MSN
SHV,IAH
LIT,IAH
TPA,IAH
STL,IAH
RDU,IAH
IND,IAH
IAD,IAH
TYS,IAH
OMA,ORD
DEN,JAC
LAS,IAH
DCA,IAH
MSP,CLE
MCO,MIA
ANC,JNU
JAX,ATL
PIT,ATL
ORF,ATL
DCA,DTW
BDL,ATL
MSP,IND
TPA,ATL
ONT,SEA
MCI,IAH
JAN,IAH
PHL,CLE
PHL,PIT
HOU,MCI
LAS,BNA
LAS,BUF
HRL,HOU
MSY,LAX
SAT,LAX
TPA,PVD
LAX,RNO
BWI,SDF
LAS,SNA
HPN,ATL
PHL,DTW
AUS,DEN
XNA,ORD
MSP,TUL
CMH,MSP
OMA,MSP
SBA,SFO
HYS,DEN
IAD,ATL
CVG,MSP
LFT,IAH
ROC,ORD
OKC,IAH
RIC,ATL
PBI,LGA
AUS,MCO
IND,DFW
PBI,DFW
MEM,DFW
DTW,DFW
SMF,JFK
BOS,FLL
RSW,HPN
SLC,CLT
CVG,ATL
MCO,DTW
SLC,DCA
SLC,MSY
SLC,BWI
DTW,IAH
MSP,GRR
LGA,TPA
MCO,LAX
FLL,IAH
SAT,IAH
EWR,FLL
ORD,PIT
RSW,ORD
PHX,CMH
SFO,CLT
CLT,MSY
PHL,LGA
CLE,MDW
TUL,MDW
LGA,MKE
TPA,ALB
MDW,BHM
BWI,CLT
MCI,DAL
ABQ,HOU
RSW,IND
HOU,SAN
SMF,SNA
IND,PHX
IAH,LBB
DTW,CHA
IAH,TUL
DEN,TPA
DSM,ORD
DFW,PIA
MSN,ORD
DFW,CMI
SFO,MCI
SLC,BNA
SLC,IDA
SBA,LAX
FLL,CLT
CLE,BDL
DAY,ORD
IAD,PHX
DEN,CLT
JFK,CLT
SFO,MIA
SNA,ORD
DFW,RSW
DFW,PBI
MIA,TPA
MSP,DTW
IND,ATL
BOS,ATL
DTW,ATL
PIT,DTW
CMH,ATL
DFW,MEI
ORD,ROA
MCO,IAH
LAX,PHL
SEA,CLT
DCA,CLT
PHX,CLT
RSW,CLT
LAS,MCO
SAT,MDW
MCI,MKE
SAN,ABQ
STL,ATL
BWI,CHS
ISP,FLL
ONT,LAS
BWI,SJU
SNA,SMF
RST,ORD
OKC,ORD
CMH,DTW
DFW,MLI
MYR,PHL
RSW,DTW
RDU,ATL
EWR,MKE
DFW,MOB
IAH,BOI
DFW,MGM
RNO,SFO
TUL,IAH
BOS,PDX
FLL,SWF
FLL,RIC
LGA,DEN
SAN,PHL
PHX,CLE
BDL,CLT
JAX,PHL
RDU,MCO
SAT,MCO
DCA,BNA
MKE,BWI
BHM,DAL
LIT,DAL
STL,DCA
DEN,HOU
LAS,PIT
MSP,RIC
ORD,JAN
FAR,ORD
DFW,RAP
GEG,SEA
IAH,DTW
DEN,COD
BOI,SEA
SBA,PHX
IAD,DTW
MSP,FNT
DEN,BOS
PHL,BWI
DEN,SAF
CHS,IAH
EWR,PBI
SMF,SFO
MSP,FWA
DFW,JAX
DFW,MEM
SCC,ANC
SJU,FLL
MSP,MCO
SRQ,ORD
MCO,CLT
PHL,AUS
TPA,CLT
PHX,ATL
LAX,CLT
EWR,RSW
RSW,BDL
MKE,DAL
DAL,LAS
IND,LAS
LAS,OKC
LAS,PHL
SYR,ORD
PDX,DEN
DFW,MHK
DFW,GRR
MCO,FLL
MCO,ACY
SAN,LAX
MSP,SBN
SAV,JFK
BUF,DTW
MSN,DFW
DFW,CLE
PHX,EWR
BUF,ORD
SLC,ORD
PDX,SEA
MSY,ATL
HPN,ORD
BTR,IAH
LAX,IAD
JNU,SEA
MCO,SYR
TPA,LGA
SFO,SLC
SDF,ORD
SAN,CLT
ONT,PHX
PIT,PHL
MCI,CLT
BOS,CLT
ECP,BNA
FLL,BNA
JAX,BNA
MSY,BNA
TPA,BNA
DCA,IND
DAL,SNA
OAK,PHX
FLL,CVG
DFW,GJT
CID,ORD
DEN,HSV
FWA,ORD
DFW,LRD
ORD,SLC
LAS,BOS
DFW,CAE
FNT,ORD
ORD,SJC
KTN,SEA
RDU,JFK
RSW,MSP
BUR,SEA
SFO,FLL
EWR,DEN
SNA,DEN
BDL,MDW
BNA,MSY
AUS,BWI
IND,BWI
IND,DCA
BNA,FLL
OAK,GEG
BOI,LAS
MAF,LAS
LAS,STL
DFW,LEX
XNA,EWR
GJT,DEN
ABQ,DEN
BIL,DEN
DRO,DEN
SJC,DEN
SMF,DEN
MCI,DFW
CRP,IAH
EWR,TYS
DCA,LAX
STT,JFK
ORF,EWR
BWI,IAH
CLE,EWR
LAS,CLT
IAH,RIC
ORD,ROC
HNL,LAX
MIA,LAS
MIA,STT
LAX,STL
SEA,DCA
MCO,SEA
JNU,ANC
BOS,PBI
DCA,CHS
SRQ,JFK
CLE,FLL
HPN,FLL
SJU,DCA
MCO,HPN
MSP,FSD
SEA,DFW
SEA,HNL
SFO,IND
SAT,DEN
PHL,TPA
PIT,CLT
CLT,ALB
LAX,PIT
DCA,SFO
SFO,DAL
SLC,MDW
GRR,BWI
BNA,ECP
BOS,HOU
BWI,HOU
MAF,HOU
TUL,HOU
MKE,LGA
STL,PHL
HNL,PHX
LIH,LAX
KOA,OAK
DFW,GCK
DFW,DRO
SLC,IAH
COS,SEA
PDX,SLC
BOI,DEN
SLC,SFO
JFK,SAT
FLL,MYR
DCA,SEA
RSW,EWR
DTW,RSW
CAK,ORD
IAD,SEA
CLT,PWM
IAD,DEN
IAD,SMF
MSY,MCO
DAL,BNA
AMA,DAL
ELP,DAL
LBB,DAL
SAT,ELP
MCI,SAN
BWI,ORF
DAL,PHX
IAH,MAF
ORD,FLL
TUS,LAX
FLL,MCO
COS,LAX
STL,CLE
OGG,ITO
SDF,ATL
LAS,ATL
MCI,ATL
PDX,JFK
SEA,ATL
SAN,ATL
IAD,PDX
CLT,SYR
RDU,LAX
BHM,MDW
CHS,BWI
ORF,BWI
RDU,BWI
RNO,PHX
MEM,EWR
STL,ORD
OMA,ATL
GNV,ATL
TYS,ATL
TRI,ATL
ATL,EYW
CHA,ATL
XNA,ATL
ACY,DTW
LBE,FLL
MEM,ATL
LEX,ATL
SFO,LGB
SJU,STT
BOS,DEN
JAN,ATL
MEM,IAH
ANC,ADQ
DAY,ATL
RSW,ATL
HNL,SEA
PNS,ATL
RSW,LGA
SLC,DFW
DTW,LAN
DTW,MCO
DTW,TPA
BWI,SEA
AMA,DFW
LAS,IAD
BOS,IAD
IAH,SLC
TPA,MHT
MCI,BOS
JAX,BWI
SJU,BWI
DAL,DEN
DEN,FLL
ICT,LAS
STL,TPA
OAK,PDX
LEX,ORD
MSY,ORD
PHX,GJT
MKE,ATL
SJU,ATL
OKC,ATL
JAX,BOS
BUF,ATL
IAH,CMH
MOB,ATL
ORD,RNO
MIA,STX
PBI,BOS
SLC,ATL
OGG,LAX
JFK,ATL
ORD,IAD
MCO,IAD
PHL,SEA
PHL,SAT
PBI,BWI
RSW,BWI
SDF,BWI
TPA,CMH
HOU,TUL
RDU,EWR
CDC,SLC
SLC,AUS
JAX,JFK
VPS,ATL
BDL,IAD
LAS,DCA
GRR,EWR
DFW,TLH
EWR,DCA
GSO,ATL
FAY,ATL
PUB,DEN
CLE,LGA
ALB,ORD
DFW,LBB
ANC,BET
ORH,MCO
ATL,TYS
SAT,ATL
SAN,SLC
SEA,IAD
DEN,MSY
CLT,ROC
ISP,MCO
PVD,MDW
TPA,BDL
PNS,BNA
MSY,BWI
RNO,DEN
MDW,SLC
SJC,SNA
SYR,EWR
DFW,ROW
CMH,LGA
ORD,CHA
SLC,COS
LAX,SAF
ORD,BOI
EWR,IAD
ORD,SYR
TPA,EWR
TUL,ATL
ABE,ORD
BOS,PIT
AUS,JFK
CAE,ATL
MSP,BDL
BNA,ATL
CHS,ATL
SLC,CVG
TPA,SEA
SFO,DCA
AUS,MDW
OAK,MDW
DCA,MKE
PHX,ABQ
SAT,BNA
OAK,DEN
ONT,DEN
TUS,DEN
LGA,HOU
ABQ,LAX
MCI,LAX
STL,RDU
BNA,TPA
HOU,OKC
ELP,PHX
CLE,MCO
JFK,CMH
ACY,BOS
CLE,ATL
SLC,OKC
BUR,SFO
SMF,SLC
GRR,ATL
DAY,EWR
RDU,IAD
RDM,SFO
DCA,CLE
DEN,AMA
SLC,DTW
MKE,DTW
PBI,ATL
MSN,DTW
SEA,DTW
SAV,ATL
AUS,ATL
PHL,SJU
SFO,MDW
SMF,MDW
PHX,BUR
ICT,DAL
AUS,LAS
BOS,STL
CMH,STL
DTW,STL
MCO,STL
MKE,STL
MYR,DTW
GSO,LGA
OMA,DTW
APN,DTW
SNA,SLC
MCI,DTW
GSP,EWR
BFL,SFO
HSV,ATL
ICT,IAH
ONT,SLC
SJU,BDL
ROC,EWR
TPA,IAD
LGB,SLC
RIC,ORD
ORD,OAK
CHO,ORD
BOI,SFO
LAX,DCA
SJU,ORD
RDU,ORD
SAN,DTW
LAX,DTW
SAN,JFK
LIH,SEA
ABQ,MDW
SAN,MDW
SEA,MDW
OMA,STL
EVV,DTW
ORF,DTW
DEN,LBB
MKE,DEN
SJC,SLC
ELP,LAX
PSP,PHX
TUS,SLC
RNO,LAX
TVC,ORD
BDL,DCA
BHM,ATL
PVD,DTW
MEM,DTW
SBN,DTW
EUG,SFO
ONT,SFO
ICT,ATL
AZO,DTW
DCA,PHX
ABQ,DFW
FLL,SEA
TPA,HPN
BOS,SAN
PHX,GEG
PBI,DCA
AUS,PHX
IND,MCO
OMA,MDW
MEM,BWI
STL,DTW
RDU,HOU
DCA,STL
DEN,TUL
LBB,IAH
SAT,DTW
SAF,DFW
GRB,ORD
ABI,DFW
FSM,DFW
CMI,ORD
LBB,DFW
TXK,DFW
MDT,ORD
BUR,SLC
FAT,SEA
AEX,DFW
CLL,DFW
OMA,IAH
MKE,EWR
LAN,DTW
BTR,ATL
FLG,PHX
KOA,LAX
MFE,DFW
ONT,DFW
TUS,DFW
MSP,BWI
MSY,DTW
SPS,DFW
BTR,DFW
GRK,DFW
GGG,DFW
CMH,PHX
DEN,PIT
OKC,MDW
PDX,MDW
SEA,DAL
AUS,HOU
BNA,JAX
TPA,STL
AUS,TPA
IND,TPA
GSP,DTW
IND,DEN
BRO,DFW
LFT,DFW
PIA,ORD
SGF,DFW
OAK,IAH
FWA,DTW
GEG,SLC
GJT,PHX
SFO,DTW
MSY,DFW
MRY,LAX
SEA,KTN
JAX,FLL
DRO,PHX
HNL,IAD
MCO,PHX
TPA,PHX
PIT,MCO
PHX,DAL
CHA,DTW
CRP,DFW
ACT,DFW
LAW,DFW
EVV,ORD
TYR,DFW
AZO,ORD
LGB,OAK
AMA,IAH
SAV,ORD
GSP,ATL
ROC,JFK
BQN,MCO
DEN,CLE
PIT,PHX
BOS,PHX
IAD,MSP
PDX,DFW
OAK,JFK
BIL,MSP
DEN,JFK
PSP,MSP
SAN,KOA
HNL,SJC
LCH,IAH
SNA,EWR
PDX,IAH
SAN,IAH
STL,CMH
PDX,DAL
BHM,LAS
STL,RSW
DAL,TPA
GJT,IAH
VPS,IAH
DEN,TYS
SHV,DFW
CHA,ORD
SJT,DFW
MAF,DFW
DRO,DFW
SAT,PHX
GJT,DFW
SBP,SFO
DEN,LIT
KOA,SFO
LIT,ORD
ANC,OTZ
SAN,EWR
SJU,EWR
COS,IAH
DEN,SHV
LGA,MYR
BRO,IAH
OGG,DFW
HNL,DFW
SJC,DFW
PBI,ORD
SMF,DFW
SRQ,ATL
SYR,ATL
PDX,MSP
HNL,ORD
HNL,SFO
PDX,ORD
IAD,MCO
OGG,SFO
LIH,SFO
OMA,PHX
ORF,MCO
BUF,MDW
SEA,BWI
MCO,DAL
DAL,FLL
ELP,HOU
OAK,HOU
SAN,HOU
SAT,HOU
SNA,HOU
OMA,LAS
DEN,RDU
BOI,OAK
GEG,OAK
OAJ,ATL
AGS,ATL
ROA,ATL
ORD,MQT
BPT,DFW
TYS,ORD
ICT,MSP
MSP,CMH
FNT,MSP
CID,MSP
EAU,ORD
CAK,ATL
PIA,ATL
BNA,IAH
AVL,ATL
RAP,MSP
SBN,ATL
SNA,IAH
ECP,ATL
LAX,SBA
SFO,SMF
TLH,ATL
MLB,ATL
LRD,IAH
HNL,EWR
MCI,MCO
TUS,MDW
DCA,MSY
LAX,ELP
CRP,HOU
FNT,LAS
BNA,LAX
BNA,MSP
MGM,ATL
ILM,ATL
CVG,LAS
MHK,DFW
BIS,MSP
HRL,IAH
TPA,MSP
LIT,ATL
MCI,ORD
XNA,MSP
BDL,ORD
DEN,CMH
OGG,KOA
JAN,ORD
LRD,DFW
GPT,ATL
ROC,ATL
PVD,ATL
ELP,IAH
MEM,MDW
MCI,ABQ
OAK,BOI
MHT,TPA
TUS,IAH
PIT,LGA
MLU,IAH
CLE,TPA
TTN,MCO
ITO,OGG
BFL,IAH
SJC,IAH
IAH,IND
IAH,MSP
IAD,TPA
SEA,IAH
FSD,ORD
DEN,SGF
ORF,CLT
MSY,CLT
STL,MIA
BOS,SEA
SMF,IAH
FLL,LAX
ICT,MDW
DAL,BWI
RSW,STL
CLE,DEN
HNL,OAK
CMH,MIA
FAR,MSP
SYR,JFK
PBI,CLT
SAN,MSP
BUF,CLT
AUS,BNA
BHM,BWI
DEN,JAX
PIT,LAS
ACY,MCO
SAT,ORD
PDX,BUR
TUS,PDX
DAB,ATL
FNT,ATL
SFO,CVG
ATW,ORD
MCI,EWR
ORD,IND
ONT,IAH
PHX,MIA
SEA,CVG
SGF,ORD
CMH,LAX
IND,MCI
BHM,HOU
BDL,LAS
PIT,RSW
FLL,MSY
IAD,MIA
CVG,MIA
CLE,LAS
DEN,CVG
MSP,CVG
SLC,CDC
RAP,ORD
COS,ORD
DEN,FSD
OGG,LIH
LNK,ORD
ICT,ORD
AEX,ATL
MSN,ATL
PDX,SNA
DCA,PDX
RDU,CLT
MKE,MCI
IAD,MDW
BUF,LAS
MKE,SFO
AUS,SJC
MLU,ATL
GNV,MIA
FAT,LAX
XNA,CVG
DLH,ORD
EWR,GSO
WRG,KTN
ORD,MBS
BWI,MIA
MDT,ATL
EVV,ATL
LFT,ATL
BDL,MIA
RNO,DFW
ANC,PDX
PHL,SLC
MCO,CVG
MCO,SLC
EYW,ATL
DCA,SLC
ALB,ATL
LAS,BLI
BOI,PHX
CLE,CLT
IND,CLT
LAS,FLL
TUS,SAN
MCI,TPA
CAE,LGA
DFW,BHM
MCO,SFO
RDU,SFO
RAP,SLC
DEN,CID
CLE,LAX
ANC,ORD
TPA,CVG
BWI,SLC
SNA,MSP
SJC,MSP
AUS,SFO
DAL,BHM
PHL,BNA
SAT,SAN
SAV,LGA
SGU,SLC
SAT,SLC
SFO,ABQ
ABQ,SLC
DEN,PUB
LAX,CVG
MCO,AUS
DTW,MIA
AUS,SLC
BOS,SLC
EWR,SLC
MYR,ATL
SEA,PSP
SJU,PHL
ROC,MCO
PIT,BWI
GEG,LAS
MCO,ORF
BTM,SLC
PHL,MYR
CRW,ATL
PNS,IAH
BOI,SLC
JFK,CHS
SNA,ATL
HNL,IAH
SJU,CLT
JAX,CLT
MSY,DEN
BIS,DEN
BWI,ECP
ELP,LAS
HOU,RDU
SGF,ATL
SHV,DEN
ISN,IAH
FCA,SLC
CID,DEN
MSN,DEN
LFT,DEN
GTR,ATL
LIT,DEN
IND,MSP
MSY,MSP
CLE,STL
MOT,DEN
PDX,ATL
STT,ATL
FSD,DEN
DIK,DEN
DIK,MSP
RDU,MIA
BTV,JFK
SMF,ATL
BDL,MSP
SDF,EWR
DFW,AMA
STT,PHL
MSY,PHL
CLE,BNA
CMH,BNA
MSY,DCA
CAK,DEN
MCI,OAK
GRR,DEN
TTN,FLL
TTN,ORD
HNL,SAN
HNL,JFK
ISN,DEN
SBP,PHX
MAF,DEN
CHS,DTW
ELM,DTW
LNK,DEN
IAH,STL
SDF,MSP
MLI,DEN
RIC,DTW
EWR,GRR
ISN,MSP
BOS,LAS
PBI,PHL
FLL,PHL
SAN,BNA
MCI,IND
MCO,LAS
CMH,EWR
PWM,DTW
MDT,DTW
GSO,DTW
AVP,DTW
ABE,DTW
TUL,DEN
JMS,DEN
BDL,DTW
RDU,DTW
SGF,DEN
YAK,JNU
SHV,ATL
FAR,DEN
TPA,MIA
JFK,RSW
PDX,LGB
JAX,DCA
FLL,MSP
TPA,LAX
PBI,DTW
DSM,ATL
TUS,SEA
MCI,SEA
OGG,SMF
CMH,MCO
GRR,MCO
ALB,BWI
ISP,BWI
ROC,BWI
RDU,DEN
BNA,PNS
ELP,SAT
MDW,TUL
CLE,MSP
CID,DTW
GSO,DEN
ATW,DTW
ABQ,ORD
ELP,DEN
PNS,ORD
DAY,MSP
BRW,SCC
EWR,ORF
KOA,OGG
PSP,DFW
GRR,DTW
IND,DTW
DFW,GGG
LIH,PHX
TPA,DCA
TPA,MKE
PWM,BWI
SAN,BWI
CMH,DEN
OMA,DEN
ALB,FLL
MDW,ICT
TPA,LAS
SAN,RNO
DEN,SDF
MCI,STL
OKC,STL
SAT,STL
TUL,STL
DTW,AZO
MLU,DFW
MHK,ORD
FWA,ATL
RDM,LAX
BFL,PHX
AUS,IAH
DEN,HYS
AMA,DEN
DTW,APN
AEX,IAH
CLL,IAH
LEX,IAH
SJU,IAH
BMI,ATL
TUS,ORD
OME,ANC
MCO,SAN
KOA,SEA
MCI,DCA
SAN,MCI
MKE,MCO
TPA,BHM
HOU,CLT
IND,HOU
SEA,HOU
CMH,LAS
SAN,STL
TPA,ACY
ALB,DTW
SFO,BFL
SIT,JNU
XNA,IAH
SDF,IAH
HSV,IAH
GPT,IAH
RSW,ACY
IAD,RDU
ORF,DFW
BOS,TPA
BWI,MSP
SYR,DTW
MSY,SEA
GEG,PHX
DEN,GRR
SDF,TPA
AUS,OAK
BQK,ATL
CSG,ATL
GRK,ATL
PHF,ATL
OGG,SEA
BIS,ORD
ELP,ORD
DAY,DTW
MLI,ORD
PBI,HPN
SAV,EWR
ABE,ATL
CAK,DTW
MYR,BWI
IAD,BDL
MHT,EWR
CHO,ATL
SJC,ORD
PSP,ORD
HNL,ATL
KOA,PHX
MSY,MDW
STL,BNA
HOU,CHS
STL,FLL
SAN,SAT
VLD,ATL
LIH,OGG
BMI,ORD
EUG,LAX
TUS,PHX
HSV,DEN
HOB,IAH
FAT,DFW
GCK,DFW
AUS,MSY
AMA,LAS
TPA,RDU
BDL,RSW
ROW,DFW
ORD,GSO
EWR,RDU
DHN,ATL
LAX,SBP
HPN,MCO
PWM,JFK
ABQ,SEA
SMF,OGG
OGG,PHX
SJC,AUS
LIT,PHX
SDF,PHX
ICT,DFW
ATL,ACY
OKC,SFO
OMA,SEA
FAT,SFO
SAV,BOS
EWR,MSP
JFK,HOU
MSP,JFK
MHT,MDW
MCO,MEM
ECP,HOU
FLL,HOU
TPA,HOU
LAS,LBB
FLL,PHX
MSY,PHX
RDU,PHX
RIC,LGA
MFR,SFO
LGB,LAS
DCA,JAX
STL,SFO
JFK,SAV
CID,ATL
COS,DFW
ORH,FLL
ABQ,ATL
IND,FLL
MCI,MSY
ABY,ATL
ABQ,SFO
SAT,SFO
ORD,EAU
PIT,DEN
SAN,LIH
XNA,DEN
BUF,FLL
LAN,ORD
DCA,JFK
MCI,SFO
BHM,DEN
LAS,LGB
DFW,SJU
CHS,DCA
RNO,SLC
PDX,OGG
MHT,MCO
MCO,BHM
DAY,BWI
PIT,FLL
CMH,TPA
GSP,IAH
CVG,FLL
GTF,SLC
MFR,SLC
MSO,SLC
MKG,ORD
PSG,WRG
DTW,MSY
ORD,SDF
PDX,HNL
CLT,SAN
BFL,DEN
SBA,DEN
CLT,ORF
ABQ,MCO
SAN,AUS
TPA,AUS
PBI,ISP
MSY,LAS
MKE,TPA
DTW,MYR
IDA,DEN
FAT,DEN
LWS,SLC
WYS,SLC
FCA,DEN
HLN,SLC
GCC,DEN
BIL,SLC
SGU,DEN
FAT,SLC
EWR,GSP
LAR,DEN
JAC,DEN
STT,MIA
SEA,LGB
RAP,DEN
CLT,SEA
LAS,MAF
DSM,MDW
LAS,BOI
MSY,STL
PHL,STL
EWR,SYR
EWR,DAY
OAK,OGG
BUR,DEN
TWF,SLC
RIC,MCO
GEG,DEN
CPR,SLC
COD,SLC
SAF,DEN
IAH,CVG
IND,LAX
TUS,MSP
ALB,MCO
MEM,DAL
BJI,MSP
HIB,MSP
SMF,MSP
BZN,SLC
PSP,SLC
JAC,SLC
HPN,RSW
EWR,IND
PSC,SLC
ANC,DEN
SUN,SLC
OGG,PDX
CAK,MCO
ISP,TPA
IAH,GJT
FSD,MSP
LNK,MSP
RDM,SLC
GTF,DEN
FLL,AUS
EUG,SLC
INL,MSP
CMX,ORD
MSP,PSP
RSW,BOS
TUS,ATL
BZN,MSP
BDL,EWR
PIT,LAX
FLL,DEN
OKC,LAS
ECP,STL
PIT,TPA
ISP,PBI
GRK,IAH
PSC,DEN
TYR,IAH
IMT,MSP
FLL,CLE
ABQ,MSP
BOS,MCI
BOS,MKE
FNT,BWI
LAS,GEG
CAK,LGA
MKE,RSW
MCI,LGA
CRW,MYR
MSP,ICT
FLL,LBE
ECP,IAH
CHS,BOS
EWR,OMA
LGA,PIT
BOI,MSP
SAT,SEA
DCA,MCI
CHS,MDW
TPA,MEM
SDF,DEN
DAL,SEA
EUG,DEN
IAH,RDU
ELP,ATL
IAH,OAK
MFR,DEN
JFK,SRQ
PDX,PSP
BNA,CLT
MSY,MKE
LAS,BHM
GSP,BWI
PIT,HOU
LAS,ICT
RNO,SAN
MSP,SAT
MYR,LGA
MSP,XNA
CDV,YAK
BOS,JAX
KTN,SIT
SIT,SEA
GEG,MSP
DAY,DEN
IND,RSW
DEN,XNA
FAI,BRW
LGB,SMF
MCO,ORH
AUS,SEA
STT,CLT
ALB,CLT
HNL,DEN
RSW,DCA
JFK,IND
EWR,SAT
JFK,DFW
ORD,ABE
DBQ,ORD
FAR,DFW
COU,DFW
SPI,DFW
ELP,DFW
HNL,SLC
MGM,DFW
PHX,BUF
TPA,DAL
MCO,ROC
BUF,TPA
JFK,BNA
DTW,CAK
MKE,DFW
DAY,DFW
DTW,IND
TPA,MCI
OAK,DAL
MKE,FLL
JAX,LAS
LAS,TUL
LEX,DTW
GPT,DFW
GRI,DFW
ORF,LGA
TOL,ORD
ESC,DTW
CVG,SFO
JNU,PSG
PHX,TUS
ORD,RSW
CRW,DFW
MOB,DFW
PLN,DTW
ACV,SFO
SEA,OGG
DCA,PBI
DCA,CMH
CMH,DAL
BHM,DTW
LEX,DFW
SEA,COS
OTH,SFO
MBS,DTW
IAH,OKC
PWM,EWR
HPN,TPA
ACK,BOS
CVG,LAX
MEI,DFW
LAS,JAX
CWA,ORD
SBA,PDX
ORD,SRQ
JLN,DFW
EWR,MHT
LAX,OGG
SMX,SFO
STX,MIA
BDL,DFW
SMF,ORD
GSP,MDW
SNA,DAL
LIT,LAS
DAL,SAN
HOU,SEA
ABQ,PDX
JFK,CLE
BOI,ORD
SPI,ORD
FWA,DFW
IAD,JFK
EWR,CMH
MEM,HOU
BNA,STL
CHA,DFW
OKC,LAX
BDL,FLL
DSM,DFW
ECP,DAL
CLT,TTN
TLH,DFW
TPA,SJU
DEN,BHM
SWF,MCO
MSY,MCI
SAN,MCO
HRL,AUS
PHX,BNA
OKC,DEN
MKE,MSY
EVV,DFW
SLC,RAP
SDF,DFW
LGA,RSW
LAX,KOA
CLT,MDW
PDX,ABQ
MCO,CAK
SMF,HNL
CHO,LGA
MLI,DFW
LBE,MYR
ANC,OME
EWR,SAV
SFO,OGG
RNO,MDW
STL,ECP
PNS,HOU
BWI,OAK
PDX,TUS
SEA,KOA
ORD,RAP
IND,SFO
DCA,AUS
MKE,IAH
JFK,DCA
JFK,CVG
JAX,IAH
CAE,IAH
JFK,BWI
PBI,IAH
SLC,COD
MSP,ATW
LAS,DSM
TUL,LAS
ALB,TPA
BDL,TPA
STT,FLL
LAX,RDM
SLC,WYS
IAH,TYR
ORD,PNS
CLE,SFO
SAV,IAH
GRR,IAH
BMI,DFW
JFK,STT
CVG,TPA
SFO,LIH
RSW,IAH
AUS,CLT
FLL,MKE
MCO,DAY
MSY,SAN
BHM,TPA
DAL,PDX
PHX,HNL
MSP,INL
CRW,IAH
RDD,SFO
MSP,IMT
AUS,EWR
PHL,MSY
SFO,MKE
LAS,ALB
TPA,ROC
ANC,CDV
ATL,SMF
MSP,LNK
CVG,MCO
SEA,LIH
DCA,LAS
OKC,PHX
DEN,RSW
SBN,MSP
RST,MSP
SBP,LAX
ACK,JFK
ABQ,BWI
IND,DAL
MCO,GRR
BNA,SAN
SJC,OGG
ORD,MOB
OAK,HNL
ACY,TPA
DSM,LAS
MDW,RNO
DCA,RSW
MSP,SDF
ORD,MKG
BOS,RSW
MSP,TUS
LBE,ORD
DVL,JMS
SRQ,LGA
MSP,RSW
SFO,KOA
ROC,MDW
STL,SAN
AUS,MSP
DTW,DAY
RIC,IAH
RDU,TTN
PIA,DFW
ORF,MDW
LBB,AUS
LAS,FNT
HOU,GSP
MDW,ONT
SAN,HNL
ALO,ORD
DEN,MLI
BUF,LGA
MSY,BOS
DTW,MBS
PWM,ATL
LGB,JFK
DTW,PBI
RDU,PHL
ALB,MDW
DAL,ECP
SAN,MSY
DTW,BHM
LCH,DFW
MYR,CRW
FAT,PHX
DEN,MSN
BOS,ACK
MCI,SLC
JAX,MSP
MEM,MSP
CLT,AUS
MCO,ABQ
DCA,CAK
CHS,HOU
BTV,ORD
SJC,HNL
SUX,ORD
ACY,RSW
ABR,MSP
TUL,SLC
LAX,LIH
ORD,BIS
BOS,SAV
MHT,ORD
OMA,SLC
BDL,PBI
EKO,SLC
SJU,DFW
FAI,SEA
MSY,LGA
FLL,ALB
GRB,DTW
BGR,DTW
GJT,SLC
IDA,SLC
FAR,SLC
JAX,ORD
MVY,JFK
RST,ATL
GFK,MSP
RIC,DFW
BLI,LAS
MDW,SJC
COU,ORD
RAP,DFW
DAY,LGA
OKC,SLC
OKC,MSP
STL,CVG
PIH,SLC
CLE,DTW
CAE,ORD
JFK,LGB
ORD,SJU
FNT,MCO
BOS,BNA
AVP,ORD
LGA,ORF
ACY,ATL
MSN,SLC
EWR,PWM
PSP,DEN
DTW,TTN
PSG,JNU
SEA,TUS
DAL,IND
LAS,RDU
ERI,ORD
BHM,MIA
COS,DEN
IAH,ISN
CRW,ORD
RDU,FLL
ORF,ORD
GUM,HNL
AUS,HRL
AVL,ORD
RKS,DEN
PAH,ORD
MSP,TPA
SCE,ORD
MDW,SMF
HOU,SNA
DSM,DTW
XNA,LGA
RHI,MSP
SFO,OTH
MHT,DTW
SAV,DTW
ELM,ORD
RIC,CLT
RSW,CVG
GSO,MIA
MYR,CLE
TUL,MSP
FLL,SFO
SAT,MSP
PIB,MEI
CMH,FLL
PVD,FLL
IAH,SAV
HOU,JFK
BOS,CHS
ATL,STT
MSP,ABQ
GRR,TPA
SAT,MSY
BTV,DTW
ATL,RST
BRD,MSP
MSO,DEN
ICT,DEN
FLL,ORH
HNL,ANC
DSM,DEN
DEN,DVL
STL,CLT
DTW,GRB
MSN,EWR
SJC,LIH
CLT,SJU
GSP,HOU
HOU,PNS
BHM,LGA
LGA,CHO
ACY,FLL
OAK,ORD
PVD,EWR
PSP,SFO
ORD,PSP
OAK,KOA
LAX,MKE
TTN,CLT
SBA,SEA
EWN,ATL
STX,SJU
BTV,EWR
HOU,ECP
CAK,TPA
CLE,JFK
BNA,JFK
SEA,SBA
MYR,LBE
CVG,JFK
CMH,JFK
RDU,MSP
ABQ,IAH
ATW,ATL
JFK,ACK
ORD,MYR
ANC,ATL
PHL,STT
LAS,AMA
DFW,FAR
MOT,MSP
CLE,PHX
BWI,LIT
HSV,ORD
PIT,MSP
GCC,SLC
CPR,DEN
PVD,DCA
MSY,SAT
MEM,DEN
LAS,HNL
DFW,EVV
LBE,MCO
SAN,OGG
ABQ,MCI
JAX,MDW
JFK,HNL
GSP,DFW
MSP,MIA
TPA,CAK
CAK,DCA
ROC,TPA
MLI,DTW
WRG,PSG
EWR,XNA
PIA,DTW
MLI,ATL
IND,JFK
COS,SLC
PIT,JFK
MSP,GFK
CDV,ANC
TVC,DTW
DEN,BDL
OAK,BWI
MSP,FLL
SFO,ANC
FSM,ATL
SEA,ABQ
DFW,PIB
SAT,PHL
TTN,RDU
EWR,SJU
JFK,MVY
LIT,DTW
MSP,MSY
ATW,MSP
AUS,FLL
MSN,MSP
ASE,DEN
IAD,HNL
ORD,HNL
RSW,PHL
MEM,TPA
MSP,RST
MCO,SWF
BWI,JFK
DAL,SJC
ROC,LGA
BOS,CVG
DAL,CMH
TPA,SAT
DEN,GSO
MRY,SFO
DFW,CRW
DSM,IAH
AUS,PHL
PDX,MCI
SJU,STX
CMH,DCA
RDU,LAS
DTW,DSM
SEA,OMA
SYR,CLT
MDW,JAX
DEN,LFT
PVD,CLT
FLL,STT
SFO,SAT
DFW,SDF
DTW,ACY
SEA,MCI
TPA,FNT
RSW,CLE
KTN,WRG
TTN,DTW
ORD,PWM
IAH,SJU
LAX,OKC
ATL,HNL
CLT,STT
ECP,BWI
ORD,PVD
CVG,XNA
SLC,PHL
DEN,MEM
IAH,CAE
SIT,KTN
DTW,MHT
CHS,BNA
BNA,CHS
PPG,HNL
ORD,LBE
DEN,CPR
ORD,ACY
ORD,JAX
PSP,PDX
FLL,IND
ALB,LAS
MCO,SDF
BNA,SLC
BOS,MSY
IAH,SDF
ORD,BTV
DTW,SAV
OKC,BWI
MIA,GSO
SJC,BOS
CLE,MYR
ORD,PBI
LGB,AUS
LGA,MSY
ITO,LAX
JAX,HOU
SEA,CLE
BOS,ACY
CVG,STL
SLC,GCC
YAK,CDV
CVG,SLC
DEN,MSO
MSY,SLC
IAH,CRW
MSP,MOT
TPA,TTN
BWI,MYR
PBI,BDL
CVG,BOS
DEN,ASE
DFW,OGG
PDX,BOS
PDX,DCA
ANC,PHX
LGB,BOS
LGA,SRQ
DCA,PVD
BWI,MEM
SEA,MKE
JFK,PIT
EWR,BTV
MEM,MCO
FLL,LAS
BUF,PHX
CVG,RSW
ANC,MSP
FAI,MSP
BUR,JFK
SLC,EWR
SAT,TPA
DTW,LIT
SMF,LGB
DFW,HNL
BRW,ANC
SMF,IAD
MCI,FLL
CMH,RSW
LAS,SDF
MSP,TTN
SLC,FAR
PDX,IAD
SAT,JFK
SEA,TPA
PHX,IAD
BOI,IAH
IND,PHL
ONT,MDW
OAK,AUS
AUS,DCA
PDX,SBA
MSY,SFO
SLC,TUL
MKE,LAX
PHX,MSY
STL,OKC
DTW,CVG
PWM,CLT
SEA,MSY
MDW,LIT
OAK,MCI
HOU,PIT
DCA,SJU
IAH,ORF
ROC,CLT
SEA,PHL
PDX,PHL
SAT,CLT
MSY,AUS
STL,TUL
SAF,LAX
PDX,CLT
BOI,LAX
TYS,DEN
SMF,CLT
SJC,DAL
JAX,DEN
DFW,OAK
HNL,BLI
SDF,LAS
MSY,MIA
SEA,SAT
SMF,DAL
MQT,ORD
MEM,LAX
BWI,GSP
BDL,SJU
MCO,LBE
JNU,YAK
SJC,JFK
MSP,JAX
BDL,DEN
BIS,DFW
SEA,MIA
BOS,AUS
MDW,OKC
LGA,BUF
RIC,EWR
SLC,MSN
SEA,AUS
SDF,MCO
PHX,RDU
SEA,FLL
BZN,DEN
TUS,SFO
BDL,CLE
ATL,TTN
TYS,EWR
SEA,MCO
ANC,BRW
SYR,MCO
KOA,SAN
LAS,LIT
RDM,DEN
PDX,EWR
DAL,MKE
FLL,STL
BOI,SAN
SBN,ORD
COD,DEN
OME,OTZ
COS,ATL
ANC,SFO
LBB,LAS
PIA,IAH
ORF,IAH
SFO,MSY
IAH,LEX
BTV,ATL
IAH,HNL
TUL,PHX
CLE,RDU
EWR,MSN
RIC,MSP
HLN,DEN
FWA,MSP
BUF,MSP
ALB,MSP
SWF,FLL
SJC,ATL
FSD,ATL
SJC,MDW
OAK,BOS
RNO,JFK
DAY,MCO
GTF,MSP
ABQ,JFK
MOB,ORD
FNT,TPA
ANC,LGB
OKC,DTW
SLC,MIA
GRR,STL
RDU,STL
HSV,DTW
ATL,ANC
ANC,LAX
SAT,MIA
HOU,JAX
CLE,RSW
LBB,DEN
MCI,MIA
BDL,RDU
ROC,MSP
AUS,MIA
DEN,HNL
CLT,HOU
DSM,EWR
TTN,MSP
MRY,PHX
BNA,CVG
LNK,ATL
MKE,CVG
SAN,MIA
MYR,FLL
STL,SLC
AUS,DTW
JAX,DTW
EWR,HNL
MEM,MIA
SAT,EWR
PDX,DTW
ANC,SLC
MEM,CLT
SCC,BRW
ORD,ANC
CMI,DFW
RNO,ORD
JNU,KTN
OMA,LGA
RIC,FLL
LIT,MDW
TTN,TPA
PSC,SFO
AVP,ATL
SLC,HNL
LAX,ITO
MHT,ATL
SBN,EWR
ANC,HNL
LGA,PHL
CAK,BOS
CLE,PHL
BQN,EWR
JFK,OAK
DEN,BZN
MSP,FAI
PHX,OGG
ACY,MYR
BOS,SJC
INL,HIB
BOS,LGB
LIT,BWI
IMT,RHI
BLI,SEA
PIT,BNA
GRB,MSP
HLN,MSP
PSC,MSP
TTN,ATL
JFK,BUR
ANC,SCC
ROC,DTW
MSO,MSP
PHX,LIH
CLT,SMF
CLT,PDX
MIA,SAN
LBE,LAS
PSP,LAX
PHL,PDX
EWR,PDX
BOS,MYR
ATL,SJC
PBG,FLL
JFK,SMF
PIT,SFO
PHX,KOA
DTW,PDX
BWI,SFO
CVG,SEA
JFK,SJC
BLI,HNL
FAI,ANC
HNL,PPG
CLE,SEA
PSE,MCO
PHX,ANC
LAX,ANC
JFK,ABQ
BQN,FLL
MIA,SEA
DEN,ANC
MIA,SLC
JFK,RNO
BOS,OAK
PSE,JFK
BQN,JFK
FLL,PBG
RSW,TTN
LIH,OAK
MYR,DFW
TLH,MIA
KOA,SJC
TTN,RSW
TYS,DTW
XNA,SLC
LIH,SAN
CVG,IAD
IAG,MYR
MIA,TLH
DFW,MYR
DTW,TYS
IAD,CVG
JFK,DTW
MCI,CVG
MYR,IAG
BDL,CVG
PWM,LGA
SLC,XNA
OAK,LIH
SJC,KOA
MEM,IAD
CVG,MCI
DTW,JFK
IAD,MEM
UST,TTN
OTZ,OME
SWF,DTW
TTN,UST
PVD,ORD
DLH,MSP
MSP,DLH
DTW,SWF
LGA,GSP
LGA,PWM
CVG,DTW
MSN,LGA
JAC,ORD
ASE,IAH
PWM,ORD
BMI,DTW
SCE,DTW
PNS,DFW
PNS,MIA
GRR,LGA
ATL,GRB
MIA,PNS
MIA,CLE
LGA,GRR
LGA,MSN
MSP,ORF
DTW,SCE
DTW,BMI
MSP,SYR
HSV,DFW
JAX,MIA
IAH,ASE
MSP,AZO
ORD,JAC
MSP,LAN
ORD,ASE
SLC,IND
OGG,DEN
ASE,DFW
MIA,JAX
DFW,HSV
DSM,MSP
CLE,MIA
OGG,ORD
DFW,PNS
LAX,ASE
LAN,MSP
ASE,LAX
MTJ,DFW
JAC,DFW
EYW,MIA
PBG,MYR
MSP,DSM
FCA,MSP
DFW,MTJ
MIA,EYW
AVL,EWR
DFW,JAC
BGM,DTW
MYR,PBG
MSP,FCA
ADK,ANC
GRB,ATL
TVC,MSP
ANC,IAH
BMI,MSP
MTJ,DEN
ANC,DFW
EWR,AVL
DTW,BGM
GUC,DEN
FAI,ORD
DFW,ASE
ORD,OGG
GRR,CVG
LSE,MSP
DEN,MTJ
IND,SLC
MSP,BMI
DEN,GUC
EGE,DFW
AUS,IAD
MSP,LSE
EWR,PVD
SMF,PHL
ORF,MSP
ANC,ADK
CVG,GRR
MSP,TVC
IAH,GRR
ASE,ORD
SYR,MSP
DTW,CMH
MBS,MSP
AZO,MSP
ORD,FAI
ABQ,CLT
OKC,EWR
DEN,OGG
DFW,ANC
IAH,ANC
ILM,LGA
PHL,SMF
BUF,EWR
IAG,FLL
LAS,ANC
ANC,LAS
CLT,ABQ
EWR,OKC
LGA,ILM
EWR,BUF
MSP,AUS
IAD,AUS
MSP,MBS
DFW,EGE
LEX,MSP
MSP,LEX
JAC,IAH
MIA,TUL
ATL,FAR
MKE,SAN
ATL,SCE
IAH,JAC
PHL,DCA
IAD,MSY
MCO,OMA
SJU,IAD
JAC,LAX
SJU,CLE
CLE,IAD
STT,IAD
BZN,LAX
RSW,MCI
RSW,HOU
STT,IAH
JAC,MSP
STT,BOS
STT,EWR
KOA,DEN
RNO,IAH
CHS,DAL
DAY,TPA
SJU,HOU
IAD,CLE
FCA,ATL
RAP,ATL
STX,ATL
BZN,ATL
PVD,RSW
MSP,JAC
RNO,MSP
RAP,IAH
MTJ,IAH
STX,CLT
CHS,CLE
LAX,JAC
IAH,RNO
RSW,PVD
IAD,SJU
ATL,RAP
LAX,BZN
TPA,DAY
CLE,SJU
EWR,STT
MSP,RNO
DAL,CHS
SAN,MKE
ATL,FCA
ALB,EWR
MCI,RSW
ATL,BZN
IAH,MTJ
IAH,RAP
BOS,STT
IAD,STT
CLE,CHS
HOU,SJU
PNS,MDW
EWR,ALB
IAH,STT
ATL,STX
OMA,MCO
CLT,STX
JAC,ATL
HOU,RSW
MDW,PNS
MSO,ATL
DEN,KOA
TUL,MIA
FAR,ATL
SCE,ATL
ATL,JAC
ATL,MSO
MDW,GEG
OMA,LAX
PDX,BWI
DCA,PHL
DLG,ANC
BNA,OAK
SEA,BNA
BNA,SEA
ANC,DLG
HOU,PDX
BZN,PDX
BWI,PDX
PDX,HOU
OAK,BNA
GEG,MDW
OAK,MSY
AKN,ANC
MSY,OAK
LAX,OMA
BOI,MDW
GST,JNU
PDX,BZN
MDW,BOI
ANC,AKN
JNU,GST
MEM,LAS
MLI,MSP
MSP,MLI
BZN,ORD
ORD,BZN
CIU,DTW
BZN,SFO
SFO,BZN
TVC,LGA
HOU,SLC
MHT,LAS
ATL,TVC
ORF,TPA
ALB,DEN
PWM,MDW
TVC,ATL
IDA,MSP
TPA,ORF
LGA,TVC
MDW,PWM
MSP,IDA
CID,MSN
LAS,MHT
DEN,ALB
SLC,HOU
CWA,MSN
LAR,FSD
MEM,SLC
SLC,MEM
FCA,ORD
ORD,FCA
DLH,MCI
DCA,OMA
TPA,SWF
MVY,BOS
BOS,MVY
HYA,JFK
JFK,HYA
SMF,BOS
BOS,SMF
LAS,MEM
ACK,DCA
DCA,ACK
GUC,IAH
COD,ORD
IAH,GUC
ORD,COD
MYR,EWR
EWR,MYR
SUN,SFO
EGE,IAH
HDN,IAH
SUN,DEN
DEN,SUN
IAH,HDN
SFO,SUN
IAH,EGE
BWI,EWR
EWR,BWI
BZN,LGA
LGA,BZN
AUS,PDX
SNA,AUS
BOS,IND
MDW,SNA
BTV,LGA
IND,BOS
ORD,MSO
STL,AUS
LGA,BTV
HPN,DTW
AUS,SNA
AUS,STL
DTW,HPN
SNA,MDW
IND,IAD
PDX,AUS
IAD,IND
JAX,LGA
LGA,JAX
